{"cameraMode":{"drawMode":0,"name":"Shaded","section":"Shading Mode"},"sceneLighting":false,"audioPlay":false,"sceneViewState":{"m_AlwaysRefresh":false,"showFog":true,"showSkybox":false,"showFlares":true,"showImageEffects":true,"showParticleSystems":true,"showVisualEffectGraphs":true,"m_FxEnabled":true},"in2DMode":false,"pivot":{"x":45.30000305175781,"y":8.067108154296875,"z":-8.726892471313477},"rotation":{"x":0.005636516027152538,"y":-0.9128949642181397,"z":0.40801307559013369,"w":0.012586841359734536},"size":72.71955108642578,"orthographic":false}